comparison,eligible_only,n_genes,pearson_r,spearman_r,weighted_pearson_r,n_sig_A,n_sig_B,n_sig_both_same_sign,n_sig_both_diff_sign,median_d_A,median_d_B,weighted_mean_d_A,weighted_mean_d_B,frac_pos_d_A,frac_pos_d_B
PsychAD vs Velmeshev,False,3325,0.26251867046163757,0.2317758236982141,0.2671532505257359,604,1001,186,31,-0.12037411469603981,-0.10971466871662827,-0.16801020363246127,-0.024809877079025728,0.3837593984962406,0.4442105263157895
PsychAD vs Velmeshev,True,3206,0.2651611386202239,0.23150557587067166,0.2716015105596551,588,974,180,31,-0.12016141817621306,-0.10074617306013453,-0.16984740157863215,-0.013372335912125484,0.38521522145976295,0.4488459139114161
Velmeshev_V2 vs Velmeshev_V3,False,3409,0.5460639456462304,0.5136042861573714,0.5599536314623552,1116,592,303,6,-0.06913378524522723,-0.25836711101457344,0.007896492540452243,-0.15163982217947547,0.47755940158404225,0.366383103549428
Velmeshev_V2 vs Velmeshev_V3,True,3243,0.5540726439169688,0.5255319376925985,0.5635729240809314,1086,568,296,6,-0.0529080894016968,-0.25915629971780335,0.026812321175021123,-0.1454353301243232,0.48350292938637063,0.36478569226025287
