subset,n_child,n_adol,mean_child,mean_adol,cohens_d
PsychAD_full_var,11,60,79439.7048570699,84383.0246551794,-0.444402509176851
Velmeshev_full_var,14,18,110490.48197431758,103516.43414146831,1.2799607263360697
PsychAD_shared,11,60,96066.69336291487,103344.34073971571,-0.5183218904258813
Velmeshev_shared,14,18,110858.07464726569,103909.40301164017,1.2724565875478167
Velmeshev_shared_V2,8,9,111854.90281018603,101270.30808159924,1.96676685687435
Velmeshev_shared_V3,6,9,109528.9704300386,106548.49794168105,0.6042739166133846
