dataset,bucket,n_genes,mean_weight,median_weight,mean_weight_pct,median_weight_pct,mean_meanCPM_child,mean_meanCPM_adol
PsychAD,up   (d>+0.5),350,0.18003007393231688,0.15508911216145946,0.44414290003002105,0.4432602821975383,148.85162760366202,117.5710642162908
PsychAD,down (d<-0.5),631,0.27824372291523314,0.2487331149566728,0.6063716868051694,0.655658961272891,101.02472150836793,128.42594887035048
PsychAD,flat (|d|<0.5),2350,0.19916541784356956,0.1653209248732978,0.4799699789852896,0.47298108676073247,85.39629236262692,87.04903273166794
Velmeshev,up   (d>+0.5),724,0.2319516616423881,0.20002833768316813,0.5403890458127318,0.5486340438306815,230.2909193345916,182.36953091416825
Velmeshev,down (d<-0.5),922,0.20044014778600547,0.1557878809284169,0.4735886704207045,0.4450615430801561,65.01723082262272,80.12834518866912
Velmeshev,flat (|d|<0.5),1679,0.21000630893810954,0.1752232473159599,0.49720665096896,0.49504653257280096,113.77794775697146,112.82788345027599
