group,spearman_rho_umi_vs_maturity,p,n_cells
PsychAD-V3,0.6469630843959882,0.0,32057
Velmeshev-V2,0.5521941074602726,0.0,33901
Velmeshev-V3,0.6442564178315049,0.0,29647
