group,stratum,n_donors,fuzzy_d,beta_per_yr,pct_per_yr,p_value,r2,significant_0.05
PsychAD-V3,all_ExN,70,-0.177,199.96706737243545,0.27,0.3707359075209451,0.012,False
PsychAD-V3,q0_least_mature,70,0.488,-150.217465096066,-0.29,0.19249022151283596,0.025,False
Velmeshev-V2,all_ExN,17,2.465,-856.7434206420565,-0.85,0.0016849158239963936,0.493,True
Velmeshev-V2,q0_least_mature,17,2.562,-1471.8091998565067,-1.79,0.0003795301764636493,0.58,True
Velmeshev-V3,all_ExN,15,0.583,-320.660142994204,-0.34,0.3259860611442157,0.074,False
Velmeshev-V3,q0_least_mature,15,0.49,-366.98320128746144,-0.58,0.23126932673459455,0.108,False
