group,C3_child,C3_adol,delta_total,composition,within_state,pct_composition,pct_within,spearman_mat_c3
PsychAD-V3,77513.78581186946,79661.30856780533,-2147.5227559358755,-1420.5321138203813,-726.9906421154931,66.14747666323672,33.85252333676323,0.7848524823807482
Velmeshev-V2,107903.44633955778,96059.69045407223,11843.755885485545,-1856.2544723431438,13700.010357828689,-15.67285319193359,115.6728531919336,0.4049934942014799
Velmeshev-V3,96718.46263677687,96879.51238682057,-161.049750043705,3398.1024856437807,-3559.152235687504,-2109.970667276179,2209.9706672761904,0.7440818898243216
