group,spearman_age_maturity,p,slope_per_yr,median_maturity_child,median_maturity_adol
PsychAD-V3,0.05971179945665005,1.0154625019597332e-26,0.0028541347817568493,1.0842834,1.1443839
Velmeshev-V2,0.12395464601280348,3.6624873273759883e-116,0.004638422803294945,1.292546,1.412498
Velmeshev-V3,-0.06598289676844726,5.696075801607112e-30,-0.0039824145636712105,1.2155035,1.1428125
