group,n_cells,n_donors,n_child_donors,cv_auc,max_abs_rho_latent_age
PsychAD-V3,32057,70,10,0.6169043473625455,0.5072828816520834
Velmeshev-V2,33901,17,8,0.9315293124916472,0.8319024667114153
Velmeshev-V3,29647,15,8,0.6742674321796444,0.7656541768216137
