group,n_child_donors,n_adol_donors,C3+_mean_age_d,C3+_weighted_mean_age_d,background_mean_age_d,spearman_weight_vs_age_d,top300_C3+_count,top300_expected,hypergeom_p,module9_mean_age_d
PsychAD-V3,10,60,-0.08135508000850677,-0.12931720587554021,-0.0642654150724411,-0.14318312166688385,30,29.2,0.46972085082410475,-0.10195606201887131
Velmeshev-V2,8,9,-0.05980091542005539,-0.013150273900259586,-0.3410344421863556,0.07323888976725709,141,62.9,2.9390149409571968e-24,0.3776583969593048
Velmeshev-V3,8,7,-0.07555782794952393,-0.08199535987979624,-0.11810179799795151,0.0002647925479700931,115,62.8,2.877481037311499e-12,-0.05346791446208954
