group,n_cells,rho_axis_age,rho_axis_c3,rho_axis_module,rho_age_c3
POOLED,118037,0.5805920399929777,0.13396630926375605,0.048750811544779594,0.10023314847893026
PsychAD-V3,98792,0.5283173513660285,0.1291550506032994,0.046366363032844346,0.09195170183753987
Velmeshev-V3,19245,0.7059120026945224,0.17669200642777358,0.014390112543167058,0.1259478330332923
