age_bin,n_vel,n_psy,pearson_log_cpm
5-10,5,2,0.9590370941857776
10-15,7,13,0.945102346991692
15-20,6,16,0.9557747574974035
