subset,n_child,n_adol,mean_child,mean_adol,cohens_d_aggregate_score
PsychAD,11,60,79439.7048570699,84383.0246551794,-0.444402509176851
Velmeshev,14,18,110490.48197431758,103516.43414146831,1.2799607263360697
Velmeshev_V2,8,9,111460.29465941925,100901.17498241301,1.9649389215493756
Velmeshev_V3,6,9,109197.39839418202,106131.69330052366,0.6210239332814416
