subset,n_child,n_adol,mean_child,mean_adol,cohens_d,score_type
PsychAD_full_var,11,60,121395.79172141496,130484.13347855229,-0.4664451188268397,unweighted_top1000_sum
Velmeshev_full_var,14,18,174969.18938058958,162456.49129079437,1.2984687529687533,unweighted_top1000_sum
PsychAD_shared,11,60,146832.8451241066,159836.2119844216,-0.5303480452832272,unweighted_top1000_sum
Velmeshev_shared,14,18,175655.68110500203,163208.96924472824,1.2896646300372991,unweighted_top1000_sum
