weight_quintile,n_genes,weight_min,weight_max,median_d_psy,median_d_vel,mean_d_psy,mean_d_vel,pearson_r,spearman_r,frac_pos_psy,frac_pos_vel,frac_both_pos,frac_both_neg,frac_psyneg_velpos,frac_psypos_velneg
Q1_low,666,0.0002285794409994,0.0678728255089902,-0.014459266937475956,-0.2370783728396944,0.016976322927619684,-0.16832188506083065,0.33525418586685535,0.27105100162781853,0.481981981981982,0.36936936936936937,0.09759759759759759,0.14564564564564564,0.025525525525525526,0.07357357357357357
Q2,666,0.067939407247587,0.1402326236641289,-0.08807569528581771,-0.1902115266313848,-0.05375550834772175,-0.1057071604360147,0.25035081436246864,0.22168645407026216,0.4069069069069069,0.41291291291291293,0.08408408408408409,0.14714714714714713,0.06156156156156156,0.06156156156156156
Q3,663,0.1402613095677589,0.223360772106049,-0.09792033034171878,0.0033117588920465587,-0.04049593445810067,0.04732828015345542,0.22803190021648115,0.2269304144439304,0.41025641025641024,0.502262443438914,0.10105580693815988,0.13574660633484162,0.07239819004524888,0.049773755656108594
Q4,665,0.2234046072988876,0.3438210816960235,-0.16299708439002009,-0.08265807516040327,-0.1390175708471697,-0.03737134068684298,0.296518093030922,0.2623653320863213,0.35639097744360904,0.45864661654135336,0.07819548872180451,0.1849624060150376,0.08270676691729323,0.03759398496240601
Q5_top,665,0.3442124911147739,0.8494882745847174,-0.3124418581482706,-0.051677457195093424,-0.2514496422579889,-0.021401906565236734,0.28325769201334855,0.2749661111423953,0.2631578947368421,0.4781954887218045,0.06466165413533835,0.22706766917293233,0.12180451127819548,0.02857142857142857
