dataset,maturity_q,n_child,n_adol,mean_child,mean_adol,cohens_d
PsychAD,0,11,60,69703.09179691681,72201.76015493055,-0.3153832060707815
PsychAD,1,11,59,77266.29263835479,82037.4934294213,-0.4258523597758221
PsychAD,2,11,60,86270.3998435883,87665.07367511094,-0.12467077295376196
PsychAD,3,10,57,90421.97545431016,92637.341088127,-0.2823213188033617
Velmeshev,0,14,18,98426.34909934472,85261.90977938875,1.330319618720027
Velmeshev,1,14,18,112094.54613228355,99095.50636365656,1.434370246513351
Velmeshev,2,14,18,113333.38224453034,105204.32534058273,1.2520316273428742
Velmeshev,3,14,18,113400.95158161798,107932.33772439872,0.7668225793988255
