dataset,depth_q,n_child,n_adol,mean_child,mean_adol,cohens_d
PsychAD,0,11,60,62288.5846073664,59436.60080277434,0.25674858487627517
PsychAD,1,11,58,73720.89870951424,72614.48262625527,0.1003892095002343
PsychAD,2,10,58,79336.43332740145,83089.47232377323,-0.4083095128748061
PsychAD,3,8,55,90578.29598454485,95236.3771503574,-0.8384881832601111
Velmeshev,0,14,18,93905.78835878162,74370.84695573906,1.6580469571622247
Velmeshev,1,14,18,98662.0266303109,79809.35612685053,1.2950511558538806
Velmeshev,2,14,18,107979.01559981637,92736.51538445556,1.1605545964908786
Velmeshev,3,12,18,116606.41348617838,109650.1589357254,1.0088159478193783
