dataset,n_child,n_adol,mean_child,mean_adol,cohens_d
PsychAD,10,60,80673.86395894768,84383.02465517938,-0.33432369610202983
Velmeshev,14,18,110490.48197431755,103516.43414146831,1.2799607263360635
