dataset,depth_q,n_child,n_adol,mean_child,mean_adol,cohens_d
PsychAD,0,10,60,63560.76255605272,59436.60080277434,0.3724906495945736
PsychAD,1,10,58,74932.05338919886,72614.48262625527,0.21080685458481466
PsychAD,2,9,58,80629.18649357713,83089.47232377323,-0.2692864102693232
PsychAD,3,7,55,93047.04044033514,95236.3771503574,-0.43196636399226623
Velmeshev,0,14,18,93905.78835878162,74370.84695573906,1.6580469571622247
Velmeshev,1,14,18,98662.0266303109,79809.35612685053,1.2950511558538806
Velmeshev,2,14,18,107979.01559981637,92736.51538445556,1.1605545964908786
Velmeshev,3,12,18,116606.41348617838,109650.1589357254,1.0088159478193783
