dataset,maturity_q,n_child,n_adol,mean_child,mean_adol,cohens_d
PsychAD,0,10,60,70351.1406654064,72201.76015493055,-0.23313400034326423
PsychAD,1,10,59,78425.42216095192,82037.4934294213,-0.32282216836212213
PsychAD,2,10,60,87163.05841464229,87665.07367511094,-0.04477692874955651
PsychAD,3,9,57,91509.12821156048,92637.341088127,-0.1446011778299919
Velmeshev,0,14,18,98426.34909934472,85261.90977938875,1.330319618720027
Velmeshev,1,14,18,112094.54613228355,99095.50636365656,1.434370246513351
Velmeshev,2,14,18,113333.38224453034,105204.32534058273,1.2520316273428742
Velmeshev,3,14,18,113400.95158161798,107932.33772439872,0.7668225793988255
