group,subtype,n_cells,median_umi,mean_umi,p25_umi,p75_umi
PsychAD-V3,ExN_mature,26997,17840.0,23350.2890625,9670.0,30907.0
PsychAD-V3,ExN_immature,3361,8104.0,9779.7451171875,5133.0,12226.0
PsychAD-V3,ExN_weak,1699,3827.0,4544.744140625,2649.5,5600.5
Velmeshev-V2,ExN_mature,20122,7302.5,9283.6279296875,3216.0,12864.75
Velmeshev-V2,ExN_immature,2801,2490.0,3554.96240234375,1293.0,4940.0
Velmeshev-V2,ExN_weak,10978,946.5,1509.4464111328125,567.0,1799.0
Velmeshev-V3,ExN_mature,24181,9245.0,12936.8046875,4702.0,17198.0
Velmeshev-V3,ExN_immature,2677,4881.0,5553.09423828125,3045.0,7031.0
Velmeshev-V3,ExN_weak,2789,2003.0,2574.3994140625,1327.0,3277.0
