group,n_cells,spearman_maturity_vs_umi
PsychAD-V3,32057,0.23077556420460849
Velmeshev-V2,33901,0.2847499593619159
Velmeshev-V3,29647,0.14880886872267327
