group,stage,n_cells,median_umi,median_maturity,frac_immature_binary
PsychAD-V3,adol,28231,15595.0,1.1443839,0.09996103574085226
PsychAD-V3,child,3826,12045.0,1.0842834,0.1408782017773131
Velmeshev-V2,adol,14649,7148.0,1.412498,0.06724008464741621
Velmeshev-V2,child,19252,1755.5,1.292546,0.0943278620403075
Velmeshev-V3,adol,13625,6553.0,1.1428125,0.09504587155963302
Velmeshev-V3,child,16022,8246.5,1.2155035,0.08625639745350143
