group,depth_label,n_child_donors,n_adol_donors,child_median_depth,adol_median_depth,child/adol_depth_ratio,depth_child_vs_adol_MWU_p,background_mean_age_d,background_median_age_d,frac_genes_abs_d_gt_0.5,spearman_age_d_vs_expr,c3_mean_age_d,c3_expr_matched_bg_d
PsychAD-V3,mean per-cell UMI,10,60,14230.718589633343,19805.282249964126,0.7185314710503113,0.025051074373227806,-0.0642654150724411,-0.09729805588722229,0.24247922275547232,0.07389093198391651,-0.08135508000850677,-0.02227926440536976
Velmeshev-V2,mean per-cell UMI,8,9,3581.658002924317,8773.37784679089,0.4082416220377889,0.02064993829699712,-0.3410344421863556,-0.437983900308609,0.6610969851071559,0.14258871931757397,-0.05980091542005539,-0.31919220089912415
Velmeshev-V3,mean per-cell UMI,8,7,11889.486341228843,14590.442105263159,0.8148818421985987,0.9550893550893552,-0.11810179799795151,-0.11388380825519562,0.455837870538415,-0.09109231649934081,-0.07555782794952393,-0.15826448798179626
