source,mean,size
PSYCHAD,0.21044756499280864,517288
VELMESHEV,0.4988986038231187,310061
